Workbook

Sheet Par Sheet
A1: PAR SHEET — 3×3 SYMBOL MATCH INSTANT GAME
A3: Blue = editable input | Black = formula (recalculates automatically) | Green = link from another sheet
A5: 1. GAME PARAMETERS
A6: Ticket Price (units) | D6: 1
A7: Total Tickets Printed (Game Rounds) | D7: 1000000
A8: Grid Size | D8: 3 × 3 (9 symbol positions per ticket)
A9: Number of Distinct Symbols | D9: 9
A10: Win Condition | D10: 3 or more matching symbols anywhere among the 9 printed positions
A12: 2. PRIZE STRUCTURE (one prize level per symbol)
A13: Symbol | B13: Prize Amount (units) | C13: Winning Tickets | D13: Odds of Winning (1 in) | E13: Total Prize Payout (units) | F13: % of Prize Pool | G13: Contribution to Payout %
A14: A | B14: 0.5 | C14: 150000 | D14: =D7/C14 -> 6.6666667 | E14: =B14*C14 -> 75000 | F14: =E14/$E$23 -> 0.1 | G14: =E14/D7 -> 0.075
A15: B | B15: 1 | C15: 60000 | D15: =D7/C15 -> 16.666667 | E15: =B15*C15 -> 60000 | F15: =E15/$E$23 -> 0.08 | G15: =E15/D7 -> 0.06
A16: C | B16: 2 | C16: 30000 | D16: =D7/C16 -> 33.333333 | E16: =B16*C16 -> 60000 | F16: =E16/$E$23 -> 0.08 | G16: =E16/D7 -> 0.06
A17: D | B17: 5 | C17: 12000 | D17: =D7/C17 -> 83.333333 | E17: =B17*C17 -> 60000 | F17: =E17/$E$23 -> 0.08 | G17: =E17/D7 -> 0.06
A18: E | B18: 10 | C18: 6000 | D18: =D7/C18 -> 166.66667 | E18: =B18*C18 -> 60000 | F18: =E18/$E$23 -> 0.08 | G18: =E18/D7 -> 0.06
A19: F | B19: 20 | C19: 4000 | D19: =D7/C19 -> 250 | E19: =B19*C19 -> 80000 | F19: =E19/$E$23 -> 0.10666667 | G19: =E19/D7 -> 0.08
A20: G | B20: 50 | C20: 2000 | D20: =D7/C20 -> 500 | E20: =B20*C20 -> 100000 | F20: =E20/$E$23 -> 0.13333333 | G20: =E20/D7 -> 0.1
A21: H | B21: 100 | C21: 1000 | D21: =D7/C21 -> 1000 | E21: =B21*C21 -> 100000 | F21: =E21/$E$23 -> 0.13333333 | G21: =E21/D7 -> 0.1
A22: I | B22: 500 | C22: 310 | D22: =D7/C22 -> 3225.8065 | E22: =B22*C22 -> 155000 | F22: =E22/$E$23 -> 0.20666667 | G22: =E22/D7 -> 0.155
A23: TOTAL | C23: =SUM(C14:C22) -> 265310 | D23: =D7/C23 -> 3.7691757 | E23: =SUM(E14:E22) -> 750000 | F23: =SUM(F14:F22) -> 1 | G23: =SUM(G14:G22) -> 0.75
A25: 3. SUMMARY STATISTICS
A26: Total Winning Tickets | E26: =C23 -> 265310
A27: Total Losing Tickets | E27: =D7-C23 -> 734690
A28: Overall Odds of Winning Any Prize (1 in) | E28: =D7/C23 -> 3.7691757
A29: Overall Win Probability | E29: =C23/D7 -> 0.26531
A30: Overall Losing Probability | E30: =1-C23/D7 -> 0.73469
A31: Total Revenue (units) | E31: =D7*D6 -> 1000000
A32: Total Prize Payout (units) | E32: =E23 -> 750000
A33: Payout / Return to Player (RTP %) | E33: =E23/(D7*D6) -> 0.75
A34: Net Revenue / Hold (units) | E34: =D7*D6-E23 -> 250000
A35: Hold Percentage | E35: =1-E23/(D7*D6) -> 0.25

Sheet Symbol Legend
A1: SYMBOL / PRIZE LEGEND
A3: Each of the 9 symbols used on the ticket is assigned exactly one prize level. Prize values are pulled live from the Par Sheet tab.
A5: Symbol | B5: Suggested Icon | C5: Prize Level (units) | D5: Rank (1 = most common) | E5: Odds of Winning (1 in)
A6: A | B6: Cherry | C6: ='Par Sheet'!B14 -> 0.5 | D6: 1 | E6: ='Par Sheet'!D14 -> 6.6666667
A7: B | B7: Bell | C7: ='Par Sheet'!B15 -> 1 | D7: 2 | E7: ='Par Sheet'!D15 -> 16.666667
A8: C | B8: Clover | C8: ='Par Sheet'!B16 -> 2 | D8: 3 | E8: ='Par Sheet'!D16 -> 33.333333
A9: D | B9: Star | C9: ='Par Sheet'!B17 -> 5 | D9: 4 | E9: ='Par Sheet'!D17 -> 83.333333
A10: E | B10: Horseshoe | C10: ='Par Sheet'!B18 -> 10 | D10: 5 | E10: ='Par Sheet'!D18 -> 166.66667
A11: F | B11: Diamond | C11: ='Par Sheet'!B19 -> 20 | D11: 6 | E11: ='Par Sheet'!D19 -> 250
A12: G | B12: Crown | C12: ='Par Sheet'!B20 -> 50 | D12: 7 | E12: ='Par Sheet'!D20 -> 500
A13: H | B13: Wild Card 7 | C13: ='Par Sheet'!B21 -> 100 | D13: 8 | E13: ='Par Sheet'!D21 -> 1000
A14: I | B14: Jackpot Coin | C14: ='Par Sheet'!B22 -> 500 | D14: 9 | E14: ='Par Sheet'!D22 -> 3225.8065

Sheet Winning Combinations
A1: WINNING COMBINATIONS
A3: A ticket WINS when any one symbol appears in 3 or more of the 9 grid positions. The prize paid is the value assigned to the matched symbol (see Symbol Legend).
A5: Symbol | B5: Winning Combination | C5: Prize Paid (units) | D5: Winning Tickets (per 1,000,000) | E5: Odds (1 in)
A6: A | B6: 3 (or more) ‘A’ symbols appear anywhere among the 9 grid cells | C6: ='Par Sheet'!B14 -> 0.5 | D6: ='Par Sheet'!C14 -> 150000 | E6: ='Par Sheet'!D14 -> 6.6666667
A7: B | B7: 3 (or more) ‘B’ symbols appear anywhere among the 9 grid cells | C7: ='Par Sheet'!B15 -> 1 | D7: ='Par Sheet'!C15 -> 60000 | E7: ='Par Sheet'!D15 -> 16.666667
A8: C | B8: 3 (or more) ‘C’ symbols appear anywhere among the 9 grid cells | C8: ='Par Sheet'!B16 -> 2 | D8: ='Par Sheet'!C16 -> 30000 | E8: ='Par Sheet'!D16 -> 33.333333
A9: D | B9: 3 (or more) ‘D’ symbols appear anywhere among the 9 grid cells | C9: ='Par Sheet'!B17 -> 5 | D9: ='Par Sheet'!C17 -> 12000 | E9: ='Par Sheet'!D17 -> 83.333333
A10: E | B10: 3 (or more) ‘E’ symbols appear anywhere among the 9 grid cells | C10: ='Par Sheet'!B18 -> 10 | D10: ='Par Sheet'!C18 -> 6000 | E10: ='Par Sheet'!D18 -> 166.66667
A11: F | B11: 3 (or more) ‘F’ symbols appear anywhere among the 9 grid cells | C11: ='Par Sheet'!B19 -> 20 | D11: ='Par Sheet'!C19 -> 4000 | E11: ='Par Sheet'!D19 -> 250
A12: G | B12: 3 (or more) ‘G’ symbols appear anywhere among the 9 grid cells | C12: ='Par Sheet'!B20 -> 50 | D12: ='Par Sheet'!C20 -> 2000 | E12: ='Par Sheet'!D20 -> 500
A13: H | B13: 3 (or more) ‘H’ symbols appear anywhere among the 9 grid cells | C13: ='Par Sheet'!B21 -> 100 | D13: ='Par Sheet'!C21 -> 1000 | E13: ='Par Sheet'!D21 -> 1000
A14: I | B14: 3 (or more) ‘I’ symbols appear anywhere among the 9 grid cells | C14: ='Par Sheet'!B22 -> 500 | D14: ='Par Sheet'!C22 -> 310 | E14: ='Par Sheet'!D22 -> 3225.8065
A15: TOTAL | B15: All winning tickets | C15: ='Par Sheet'!E23 -> 750000 | D15: ='Par Sheet'!C23 -> 265310 | E15: ='Par Sheet'!D23 -> 3.7691757
A17: EXAMPLE WINNING GRIDS (illustrative)
A19: Wins on A — $0.50 | E19: Wins on E — $10.00 | I19: Wins on I — $500.00 (top prize)
A20: A | B20: B | C20: C | E20: B | F20: E | G20: C | I20: I | J20: I | K20: B
A21: A | B21: D | C21: E | E21: E | F21: D | G21: F | I21: C | J21: I | K21: D
A22: A | B22: F | C22: G | E22: G | F22: E | G22: A | I22: F | J22: G | K22: H
A24: Note: if 3-of-a-kind occurs for more than one symbol on the same ticket, ticket design ensures only the higher-value symbol's match is printed/paid (standard instant-game control).

Sheet Losing Combinations
A1: LOSING COMBINATIONS
A3: A ticket LOSES when no symbol appears 3 or more times among the 9 grid positions (i.e., every one of the 9 symbols occurs 0, 1, or 2 times on the ticket).
A5: LOSING TICKET SUMMARY
A6: Total Losing Tickets (per 1,000,000) | D6: ='Par Sheet'!E27 -> 734690
A7: Losing Probability | D7: ='Par Sheet'!E30 -> 0.73469
A8: Total Winning Tickets (for reference) | D8: ='Par Sheet'!E26 -> 265310
A9: Winning Probability (for reference) | D9: ='Par Sheet'!E29 -> 0.26531
A11: EXAMPLE LOSING GRIDS (illustrative)
A13: No 3-of-a-kind | E13: Two pairs only | I13: One near-miss pair
A14: A | B14: B | C14: C | E14: A | F14: A | G14: B | I14: C | J14: C | K14: A
A15: D | B15: E | C15: F | E15: B | F15: C | G15: D | I15: D | J15: E | K15: F
A16: G | B16: H | C16: I | E16: E | F16: F | G16: G | I16: B | J16: G | K16: H
A18: Note: 'two pairs' and 'near-miss' grids above still count as losing tickets — only 3-or-more of the same symbol pays a prize.
A20: WHY THIS MATTERS FOR THE PAR SHEET
A21: The losing-ticket count is the balancing figure in the par sheet: Total Tickets (1,000,000) minus the sum of all winning tickets across the 9 prize tiers. It has no assigned symbol combination of its own — it is every 9-symbol arrangement that fails to place any single symbol in 3 or more of the 9 positions. Confirming this figure reconciles against the Prize Structure table on the Par Sheet tab.
